"Product type",Total_Revenue,Total_Sold,Avg_Revenue_per_Product
haircare,174455.390606,13611,12.817235368892808
skincare,241628.16213300003,20731,11.655403122521829
cosmetics,161521.26600100004,11757,13.738306200646427
